{"0":{"dice":8176,"ones":4112,"twos":4112,"threes":4112,"fours":4112,"fives":4112,"sixes":4112,"troops":4112,"kills":4112,"deaths":4112,"territory":16,"turns":16},"1":{"dice":4112,"ones":4112,"twos":4112,"threes":4112,"fours":4112,"fives":4112,"sixes":4112,"troops":4112,"kills":4112,"deaths":4112,"territory":16,"turns":16},"2":{"dice":4112,"ones":4112,"twos":4112,"threes":4112,"fours":4112,"fives":4112,"sixes":4112,"troops":4112,"kills":4112,"deaths":4112,"territory":16,"turns":16},"3":{"dice":4112,"ones":4112,"twos":4112,"threes":4112,"fours":4112,"fives":4112,"sixes":4112,"troops":4112,"kills":4112,"deaths":4112,"territory":16,"turns":16},"4":{"dice":4112,"ones":4112,"twos":4112,"threes":4112,"fours":4112,"fives":4112,"sixes":4112,"troops":4112,"kills":4112,"deaths":4112,"territory":16,"turns":16},"5":{"dice":4112,"ones":4112,"twos":4112,"threes":4112,"fours":4112,"fives":4112,"sixes":4112,"troops":4112,"kills":4112,"deaths":4112,"territory":16,"turns":16},"territory":16,"turns":16}